<?xml version="1.0" encoding="UTF-8"?>
<root>
  <item name="com.inscripts.glide.gifdecoder.GifDecoder int getStatus()">
    <annotation name="android.support.annotation.IntDef">
      <val name="value" val="{com.inscripts.glide.gifdecoder.GifDecoder.STATUS_OK, com.inscripts.glide.gifdecoder.GifDecoder.STATUS_FORMAT_ERROR, com.inscripts.glide.gifdecoder.GifDecoder.STATUS_OPEN_ERROR, com.inscripts.glide.gifdecoder.GifDecoder.STATUS_PARTIAL_DECODE}" />
    </annotation>
  </item>
  <item name="com.inscripts.glide.gifdecoder.GifDecoder int read(byte[])">
    <annotation name="android.support.annotation.IntDef">
      <val name="value" val="{com.inscripts.glide.gifdecoder.GifDecoder.STATUS_OK, com.inscripts.glide.gifdecoder.GifDecoder.STATUS_FORMAT_ERROR, com.inscripts.glide.gifdecoder.GifDecoder.STATUS_OPEN_ERROR, com.inscripts.glide.gifdecoder.GifDecoder.STATUS_PARTIAL_DECODE}" />
    </annotation>
  </item>
  <item name="com.inscripts.glide.gifdecoder.GifDecoder int read(java.io.InputStream, int)">
    <annotation name="android.support.annotation.IntDef">
      <val name="value" val="{com.inscripts.glide.gifdecoder.GifDecoder.STATUS_OK, com.inscripts.glide.gifdecoder.GifDecoder.STATUS_FORMAT_ERROR, com.inscripts.glide.gifdecoder.GifDecoder.STATUS_OPEN_ERROR, com.inscripts.glide.gifdecoder.GifDecoder.STATUS_PARTIAL_DECODE}" />
    </annotation>
  </item>
  <item name="com.inscripts.glide.gifdecoder.GifDecoder.GifDecodeStatus">
    <annotation name="android.support.annotation.IntDef">
      <val name="value" val="{com.inscripts.glide.gifdecoder.GifDecoder.STATUS_OK, com.inscripts.glide.gifdecoder.GifDecoder.STATUS_FORMAT_ERROR, com.inscripts.glide.gifdecoder.GifDecoder.STATUS_OPEN_ERROR, com.inscripts.glide.gifdecoder.GifDecoder.STATUS_PARTIAL_DECODE}" />
    </annotation>
  </item>
  <item name="com.inscripts.glide.gifdecoder.GifFrame dispose">
    <annotation name="android.support.annotation.IntDef">
      <val name="value" val="{com.inscripts.glide.gifdecoder.GifFrame.DISPOSAL_UNSPECIFIED, com.inscripts.glide.gifdecoder.GifFrame.DISPOSAL_NONE, com.inscripts.glide.gifdecoder.GifFrame.DISPOSAL_BACKGROUND, com.inscripts.glide.gifdecoder.GifFrame.DISPOSAL_PREVIOUS}" />
    </annotation>
  </item>
  <item name="com.inscripts.glide.gifdecoder.GifHeader int getStatus()">
    <annotation name="android.support.annotation.IntDef">
      <val name="value" val="{com.inscripts.glide.gifdecoder.GifDecoder.STATUS_OK, com.inscripts.glide.gifdecoder.GifDecoder.STATUS_FORMAT_ERROR, com.inscripts.glide.gifdecoder.GifDecoder.STATUS_OPEN_ERROR, com.inscripts.glide.gifdecoder.GifDecoder.STATUS_PARTIAL_DECODE}" />
    </annotation>
  </item>
  <item name="com.inscripts.glide.gifdecoder.GifHeader status">
    <annotation name="android.support.annotation.IntDef">
      <val name="value" val="{com.inscripts.glide.gifdecoder.GifDecoder.STATUS_OK, com.inscripts.glide.gifdecoder.GifDecoder.STATUS_FORMAT_ERROR, com.inscripts.glide.gifdecoder.GifDecoder.STATUS_OPEN_ERROR, com.inscripts.glide.gifdecoder.GifDecoder.STATUS_PARTIAL_DECODE}" />
    </annotation>
  </item>
  <item name="com.inscripts.glide.gifdecoder.StandardGifDecoder int read(byte[])">
    <annotation name="android.support.annotation.IntDef">
      <val name="value" val="{com.inscripts.glide.gifdecoder.GifDecoder.STATUS_OK, com.inscripts.glide.gifdecoder.GifDecoder.STATUS_FORMAT_ERROR, com.inscripts.glide.gifdecoder.GifDecoder.STATUS_OPEN_ERROR, com.inscripts.glide.gifdecoder.GifDecoder.STATUS_PARTIAL_DECODE}" />
    </annotation>
  </item>
  <item name="com.inscripts.glide.gifdecoder.StandardGifDecoder status">
    <annotation name="android.support.annotation.IntDef">
      <val name="value" val="{com.inscripts.glide.gifdecoder.GifDecoder.STATUS_OK, com.inscripts.glide.gifdecoder.GifDecoder.STATUS_FORMAT_ERROR, com.inscripts.glide.gifdecoder.GifDecoder.STATUS_OPEN_ERROR, com.inscripts.glide.gifdecoder.GifDecoder.STATUS_PARTIAL_DECODE}" />
    </annotation>
  </item>
</root>

